"WEO.Country.Code","ISO","Country","NGDP_R","NGDP_RPCH","NGDP","NGDPD","PPPGDP","NGDP_D","NGDPRPC","NGDPRPPPPC","NGDPPC","NGDPDPC","PPPPC","NGAP_NPGDP","PPPSH","PPPEX","NID_NGDP","NGSD_NGDP","PCPI","PCPIPCH","PCPIE","PCPIEPCH","FLIBOR6","TM_RPCH","TMG_RPCH","TX_RPCH","TXG_RPCH","LUR","LE","LP","GGR","GGR_NGDP","GGX","GGX_NGDP","GGXCNL","GGXCNL_NGDP","GGSB","GGSB_NPGDP","GGXONLB","GGXONLB_NGDP","GGXWDN","GGXWDN_NGDP","GGXWDG","GGXWDG_NGDP","NGDP_FY","BCA","BCA_NGDPD"
512,"AFG","Afghanistan",493.073,2.164,1318.478,19.428,66.384,267.4,14227.635,1774.189,38044.702,560.601,1915.519,NA,0.055,19.861,18.533,25.786,105.736,4.384,109,4.588,NA,-8.134,-7.268,-16.439,11.425,NA,NA,34.656,344.327,26.116,342.771,25.997,1.556,0.118,NA,NA,2.35,0.178,NA,NA,103.151,7.823,1318.478,1.409,7.253
914,"ALB","Albania",760.317,3.352,1475.251,11.885,34.027,194.031,264356.814,10957.976,512934.293,4132.208,11830.877,NA,0.028,43.356,24.277,16.715,101.317,1.275,102.176,2.176,NA,8.156,9.229,10.283,-0.754,15.2,NA,2.876,403.131,27.326,429.073,29.085,-25.941,-1.758,NA,NA,10.318,0.699,1003.785,68.042,1079.687,73.187,1475.251,-0.899,-7.563
612,"DZA","Algeria",7270.163,3.2,17525.1,160.13,609.703,241.055,178355.244,13853.939,429934.454,3928.385,14957.53,NA,0.505,28.744,53.949,37.416,183.699,6.398,188.33,6.957,NA,-2.289,-2.289,9.612,7.883,10.498,NA,40.762,5011.581,28.597,7297.494,41.64,-2285.913,-13.044,NA,NA,-2298.13,-13.113,2334.139,13.319,3582.079,20.44,17525.1,-26.473,-16.532
614,"AGO","Angola",1588.961,-2.58,16549.565,101.124,194.886,1041.534,57774.086,6563.18,601736.735,3676.826,7085.996,NA,0.161,84.919,27.215,24.487,193.92,30.694,222.395,41.125,NA,-25.274,-32.286,-0.606,0.571,NA,NA,27.503,2899.97,17.523,3648.044,22.043,-748.074,-4.52,-251.347,-1.209,-277.674,-1.678,NA,NA,12453.983,75.253,16549.565,-4.834,-4.78
311,"ATG","Antigua and Barbuda",3.247,5.348,3.942,1.46,2.291,121.429,35966.87,23503.575,43674.103,16175.594,25375.847,NA,0.002,1.721,24.343,24.494,134.02,-0.489,134.1,-1.121,NA,10.674,10.782,-0.444,21.438,NA,NA,0.09,0.951,24.117,0.956,24.26,-0.006,-0.143,NA,NA,0.093,2.356,NA,NA,3.399,86.215,3.942,0.002,0.151
213,"ARG","Argentina",708.338,-1.823,8188.749,554.107,879.799,1156.051,16246.257,18690.023,187815.095,12708.865,20178.852,NA,0.729,9.308,17.027,16.763,168.27,NA,187.331,NA,NA,3.644,3.448,6.759,6.498,8.467,NA,43.6,2871.622,35.068,3411.233,41.658,-539.61,-6.59,-556.042,-6.671,-383.895,-4.688,NA,NA,4500.097,54.955,8188.749,-14.693,-2.652
911,"ARM","Armenia",3367.848,0.261,5067.294,10.546,25.878,150.461,1126114.977,8014.463,1694362.579,3526.336,8652.887,NA,0.021,195.815,19.727,16.614,276.935,-1.406,277.514,-1.077,NA,8.419,7.001,19.564,21.116,18.79,NA,2.991,1085.186,21.416,1370.592,27.048,-285.406,-5.632,NA,NA,-187.129,-3.693,NA,NA,2628.002,51.862,5067.294,-0.238,-2.258
314,"ABW","Aruba",3.31,-0.124,4.738,2.647,4.03,143.145,29984.334,33813.487,42920.978,23978.2,36507.036,NA,0.003,1.176,NA,17.221,117.971,-0.888,117.95,-0.338,NA,NA,NA,NA,NA,7.7,NA,0.11,1.264,26.672,1.342,28.312,-0.078,-1.64,NA,NA,0.14,2.959,NA,NA,4.012,84.677,4.738,0.133,5.018
193,"AUS","Australia",1678.081,2.606,1699.883,1264.524,1198.301,101.299,68822.495,45519.414,69716.652,51861.44,49145.446,-0.838,0.993,1.419,24.644,20.476,109.025,1.277,109.8,1.385,NA,0.206,0.364,6.765,6.958,5.708,11.982,24.383,592.969,34.883,636.584,37.449,-43.615,-2.566,-36.369,-2.159,-27.619,-1.625,322.323,18.961,690.691,40.632,1699.883,-41.447,-3.278
122,"AUT","Austria",317.149,1.451,353.297,390.961,420.099,111.398,36287.922,44520.875,40423.884,44733.406,48067.364,-1.702,0.348,0.841,24.118,26.244,122.695,0.972,123.078,1.533,NA,3.141,3.219,1.915,1.34,6.017,4.22,8.74,173.27,49.044,178.892,50.635,-5.622,-1.591,-1.79,-0.498,0.355,0.1,203.538,57.611,295.2,83.556,353.297,8.313,2.126
912,"AZE","Azerbaijan",28.464,-3.1,60.394,37.81,168.849,212.173,2932.769,16113.483,6222.552,3895.669,17397.067,NA,0.14,0.358,24.93,22.656,217.817,12.562,232.8,15.648,NA,-3.365,-0.633,2.839,-0.681,5.043,NA,9.706,20.685,34.251,21.392,35.421,-0.707,-1.17,NA,NA,-0.466,-0.772,NA,NA,30.626,50.711,60.394,-1.363,-3.606
313,"BHS","The Bahamas",10.59,-1.69,11.839,11.839,11.664,111.791,28756.649,29335.563,32147.404,32147.404,31672.405,NA,0.01,1.015,25.554,18.225,101.525,-0.347,102.09,0.77,NA,-3.396,-4.941,0.74,-0.044,12.15,NA,0.368,1.93,16.331,2.24,18.958,-0.31,-2.627,NA,NA,-0.035,-0.3,NA,NA,5.965,50.482,11.816,-0.868,-7.329
419,"BHR","Bahrain",11.973,3.462,12.118,32.228,67.312,101.207,8409.884,43790.545,8511.406,22636.718,47278.857,NA,0.056,0.18,25.814,21.182,127.342,2.799,126.6,2.262,NA,-7.439,-15.33,-0.705,-16.665,3.7,NA,1.424,2.128,17.561,4.256,35.125,-2.128,-17.564,NA,NA,-1.766,-14.577,NA,NA,9.858,81.35,12.118,-1.493,-4.632
513,"BGD","Bangladesh",9157.182,7.202,18543.396,235.623,630.738,202.501,56696.232,3617.054,114810.501,1458.851,3905.185,NA,0.523,29.4,30.11,30.564,222.515,5.678,240.434,5.738,NA,12.307,12.662,11.034,10.744,NA,NA,161.513,1747.66,10.085,2330.13,13.447,-582.47,-3.361,NA,NA,-251.34,-1.45,NA,NA,5775.854,33.331,17328.637,1.391,0.59
316,"BRB","Barbados",9.245,2.273,9.681,4.841,5.129,104.724,32974.774,16945.92,34532.398,17266.199,18295.815,NA,0.004,1.887,16.018,11.767,170.083,1.512,173.6,3.828,NA,7.474,7.518,12.216,9.728,9.867,NA,0.28,2.754,28.23,3.275,33.565,-0.521,-5.335,-0.521,-5.398,0.218,2.23,14.428,147.897,14.548,149.122,9.756,-0.206,-4.251
913,"BLR","Belarus",75.536,-2.526,94.949,47.703,171.862,125.701,7952.79,16759.492,9996.736,5022.472,18094.537,NA,0.142,0.552,26.478,22.979,701.547,11.829,723.495,10.576,NA,-2.506,-2.6,1.756,0.3,1.017,NA,9.498,37.053,39.024,38.628,40.683,-1.575,-1.659,-0.13,NA,0.294,0.31,NA,NA,50.78,53.482,94.949,-1.669,-3.499
124,"BEL","Belgium",416.085,1.412,422.677,467.738,510.527,101.584,36785.492,41804.855,37368.281,41352.051,45134.989,-0.479,0.423,0.828,23.952,24.049,101.769,1.77,102.96,2.204,NA,5.512,5.512,3.501,3.501,7.858,4.736,11.311,214.756,50.809,225.248,53.291,-10.492,-2.482,-9.361,-2.204,0.245,0.058,389.145,92.067,448.163,106.03,422.677,0.451,0.097
339,"BLZ","Belize",2.809,-0.487,3.64,1.82,3.134,129.587,7472.974,7722.974,9684.038,4842.019,8338.179,NA,0.003,1.161,22.261,13.281,134.092,0.663,134.095,1.148,NA,-6.607,1.021,-14.133,-17.011,7.974,NA,0.376,1.052,28.768,1.19,32.541,-0.138,-3.773,NA,NA,-0.041,-1.13,NA,NA,3.506,95.867,3.657,-0.163,-8.98
638,"BEN","Benin",4094.926,3.969,5083.739,8.576,23.592,124.147,377913.594,2016.592,469169.487,791.495,2177.231,NA,0.02,215.489,24.594,15.177,111.756,-0.809,110.703,-2.652,NA,5.212,4.894,1.468,-1.434,NA,NA,10.836,780.323,15.349,1080.752,21.259,-300.428,-5.91,NA,NA,-237.086,-4.664,NA,NA,2525.513,49.678,5083.739,-0.808,-9.417
514,"BTN","Bhutan",61.668,7.316,140.38,2.117,6.585,227.637,77944.91,7708.566,177431.707,2675.388,8322.623,NA,0.005,21.319,62.668,33.31,235.458,7.642,215.641,2.763,NA,3.061,4.534,-13.162,-18.208,3.2,NA,0.791,42.039,29.947,43.603,31.061,-1.564,-1.114,NA,NA,0.545,0.389,NA,NA,160.313,114.2,140.38,-0.621,-29.357
218,"BOL","Bolivia",44.374,4.264,234.533,34.189,78.853,528.534,4072.42,6702.774,21524.111,3137.626,7236.71,NA,0.065,2.974,21.057,15.3,96.599,3.625,98.196,4.001,NA,-8.464,-8.464,40.523,40.523,4,NA,10.896,76.659,32.686,93.647,39.929,-16.988,-7.243,NA,NA,-14.665,-6.253,67.665,28.851,105.221,44.864,234.533,-1.932,-5.65
963,"BIH","Bosnia and Herzegovina",27.971,3.215,29.899,16.91,42.729,106.892,7953.582,11253.493,8501.741,4808.299,12149.935,NA,0.035,0.7,15.907,11.054,132.856,-1.067,128.719,-0.203,NA,4.338,4.335,5.723,6.258,25.4,NA,3.517,12.72,42.543,12.617,42.197,0.103,0.346,0.289,0.953,0.36,1.203,10.916,36.511,13.18,44.081,29.899,-0.821,-4.853
616,"BWA","Botswana",89.797,4.315,170.589,15.66,37.403,189.971,39905.289,15395.223,75808.625,6959.376,16621.591,NA,0.031,4.561,28.566,38.807,310.401,2.81,304.64,2.986,NA,-5.073,-7.571,1.022,0.335,NA,NA,2.25,57.453,33.216,56.275,32.534,1.178,0.681,1.795,NA,-13.227,-7.647,-5.497,-3.178,26.99,15.604,172.97,2.147,13.711
223,"BRA","Brazil",1151.607,-3.469,6257.777,1793.312,3156.151,543.395,5587.561,14183.68,30362.524,8701.09,15313.538,NA,2.615,1.983,15.381,14.068,30882511530234.3,8.74,31468365315161,6.288,NA,-8.227,-11.201,3.681,3.431,11.267,NA,206.102,1909.059,30.507,2472.862,39.517,-563.803,-9.01,-483.66,-7.381,-156.701,-2.504,2892.913,46.229,4908.003,78.43,6257.777,-23.546,-1.313
516,"BRN","Brunei Darussalam",18.137,-2.465,15.748,11.399,32.801,86.829,42908.639,71876.919,37257.021,26967.623,77602.564,NA,0.027,0.48,34.62,NA,99.287,-0.739,99.061,-1.645,NA,2.717,-11.381,-1.891,-0.644,6.9,NA,0.423,2.783,17.671,6.197,39.352,-3.414,-21.68,NA,NA,-3.414,-21.68,NA,NA,0.473,3.005,15.748,1.47,12.9
918,"BGR","Bulgaria",83.905,3.941,94.13,53.236,145.42,112.186,11814.533,18965.573,13254.263,7496.077,20476.351,NA,0.12,0.647,19.144,21.411,98.676,-1.323,99.1,-0.502,NA,4.461,4.451,8.107,7.941,7.666,NA,7.102,32.671,34.708,31.203,33.149,1.468,1.56,1.891,1.985,1.742,1.851,10.781,11.453,25.751,27.357,94.13,1.207,2.268
748,"BFA","Burkina Faso",4635.888,5.915,6704.2,11.31,33.06,144.615,248620.647,1642.172,359543.297,606.554,1772.986,NA,0.027,202.79,15.761,8.512,108.013,-0.194,106.703,-1.635,NA,25.335,25.774,20.782,20.776,NA,NA,18.646,1410.7,21.042,1645.111,24.539,-234.411,-3.496,NA,NA,-169.064,-2.522,NA,NA,2565.433,38.266,6704.2,-0.82,-7.248
618,"BDI","Burundi",1723.917,-1.042,5192.319,3.138,7.857,301.193,163710.285,691.114,493083.894,298.006,746.167,NA,0.007,660.822,9,-4.085,114.492,5.527,121.7,9.498,NA,-2.215,-2.215,0.459,14.769,NA,NA,10.53,777.209,14.968,1098.888,21.164,-321.679,-6.195,NA,NA,-264.801,-5.1,NA,NA,2514.103,48.42,5192.319,-0.411,-13.085
624,"CPV","Cabo Verde",146.899,4.706,165.782,1.664,3.564,112.855,276485.56,6212.206,312027.171,3131.473,6707.064,NA,0.003,46.522,37.163,34.763,135.95,-1.408,137.419,-0.263,NA,18.59,18.654,16.445,9.393,9,NA,0.531,44.107,26.605,49.139,29.641,-5.032,-3.035,NA,NA,-1.275,-0.769,200.628,121.019,211.562,127.614,165.782,-0.04,-2.399
522,"KHM","Cambodia",45999.749,6.953,81241.866,20.043,58.969,176.614,2915785.644,3462.108,5149677.409,1270.484,3737.896,NA,0.049,1377.694,22.9,14.264,165.073,3.025,168.034,3.881,NA,12.782,11.53,15.326,13.443,NA,NA,15.776,16926.954,20.835,18051.056,22.219,-1124.102,-1.384,NA,NA,-832.707,-1.025,NA,NA,23660.932,29.124,81241.866,-1.731,-8.636
622,"CMR","Cameroon",15093.312,4.648,19344.838,32.635,84.856,128.168,637246.456,3318.334,816747.786,1377.865,3582.669,NA,0.07,227.972,28.37,25.201,244.812,0.873,245.489,0.292,NA,-0.679,-5.681,-0.873,-6.05,NA,NA,23.685,2866.166,14.816,4044.661,20.908,-1178.495,-6.092,NA,NA,-1033.724,-5.344,5968.633,30.854,6290.267,32.517,19344.838,-1.034,-3.169
156,"CAN","Canada",1801.368,1.414,2035.506,1535.768,1689.256,112.998,49754.485,43215.396,56221.46,42418.496,46657.892,-0.868,1.4,1.205,23.18,19.968,128.358,1.422,129.067,1.388,NA,-0.987,-1.296,0.998,0.472,6.983,18.084,36.205,805.708,39.583,828.035,40.68,-22.327,-1.097,-13.373,-0.651,-8.456,-0.415,580.016,28.495,1855.293,91.147,2035.506,-49.322,-3.212
626,"CAF","Central African Republic",623.141,4.531,1041.067,1.756,3.189,167.068,127494.935,604.34,213002.781,359.339,652.481,NA,0.003,326.451,13.701,8.178,191.947,4.6,196.093,4.7,NA,9.821,13.628,12.276,52.347,NA,NA,4.888,147.129,14.132,130.888,12.572,16.241,1.56,NA,NA,22.041,2.117,NA,NA,582.8,55.981,1041.067,-0.097,-5.523
628,"TCD","Chad",5228.19,-6.431,5984.08,10.091,28.995,114.458,441004.106,2265.303,504764.351,851.193,2445.755,NA,0.024,206.384,16.702,7.523,137.821,-1.122,132.597,-4.888,NA,-10.647,-18.155,-3.907,-4.026,NA,NA,11.855,751.701,12.562,868.77,14.518,-117.069,-1.956,NA,NA,3.66,0.061,NA,NA,3136.146,52.408,5984.08,-0.926,-9.18
228,"CHL","Chile",145374.074,1.282,169180.414,249.92,437.211,116.376,7991150.025,22260.075,9299774.236,13737.976,24033.291,NA,0.362,386.954,22.295,20.937,113.064,3.788,114.203,2.759,NA,0.195,0.17,-0.103,-0.24,6.49,NA,18.192,38319.784,22.65,42810.198,25.304,-4490.414,-2.654,-1837.774,-1.073,-4012.137,-2.372,1594.677,0.943,35610.201,21.049,169180.414,-3.484,-1.394
924,"CHN","China",74608.817,6.72,74563.24,11221.836,21313.994,99.939,53958.399,14277.334,53925.437,8115.828,15414.652,NA,17.66,3.498,44.142,45.944,102.003,2.003,102.753,2.1,NA,4.708,5.832,1.077,1.733,4.02,NA,1382.71,21047.934,28.228,23809.545,31.932,-2761.611,-3.704,-2669.701,-3.567,-2196.97,-2.946,NA,NA,32939.739,44.177,74563.24,202.203,1.802
233,"COL","Colombia",820485,1.963,863877,282.751,686.064,105.289,16831152.047,13035.304,17721280.873,5800.253,14073.684,NA,0.568,1259.179,23.253,18.963,131.809,7.507,134.49,5.814,NA,-4.022,-11.548,-1.425,-2.495,9.2,NA,48.748,216768.496,25.093,242120.124,28.027,-25351.627,-2.935,-14892.034,-1.727,1461.206,0.169,334334.21,38.702,430131.621,49.791,863877,-12.129,-4.29
632,"COM","Comoros",151.288,2.157,273.051,0.614,1.26,180.485,187878.653,1449.531,339092.547,762.738,1564.999,NA,0.001,216.673,21.031,13.641,174.161,1.8,174.736,0.8,NA,9.446,12.951,0.565,32.277,NA,NA,0.805,63.841,23.381,84.003,30.764,-20.162,-7.384,NA,NA,-19.872,-7.278,NA,NA,75.565,27.674,273.051,-0.045,-7.39
636,"COD","Democratic Republic of the Congo",11049.9,2.4,42160.852,39.324,65.093,381.55,131342.784,716.632,501137.895,467.414,773.718,NA,0.054,647.701,11.772,8.684,3234.839,18.2,1492.19,23.6,NA,-1.244,0.378,-0.348,0.132,NA,NA,84.13,4961.26,11.767,5367.653,12.731,-406.393,-0.964,NA,NA,-303.316,-0.719,NA,NA,8156.308,19.346,42160.852,-1.215,-3.089
634,"COG","Republic of Congo",1637.4,-2.829,4615.6,7.787,29.769,281.886,386046.923,6500.639,1088211.909,1835.828,7018.473,NA,0.025,155.05,60.857,-12.792,144.537,3.191,143.732,-0.035,NA,8.364,0.093,-8.797,-8.797,NA,NA,4.241,1571.837,34.055,2513.88,54.465,-942.042,-20.41,NA,NA,-822.642,-17.823,NA,NA,5938.159,128.654,4615.6,-5.735,-73.649
238,"CRI","Costa Rica",26729.189,4.246,31136.211,57.828,79.754,116.488,5444606.244,15046.925,6342295.139,11779.244,16245.549,NA,0.066,390.402,18.377,16.085,99.518,-0.017,99.88,0.767,NA,8.885,5.541,9.388,9.282,9.541,NA,4.909,4379.463,14.065,6023.751,19.346,-1644.288,-5.281,-1660.208,-5.351,-758.364,-2.436,NA,NA,13987.903,44.925,31136.211,-1.326,-2.293
960,"HRV","Croatia",337.807,3.536,351.347,51.635,97.512,104.008,80931.241,21638.161,84175.132,12370.61,23361.835,NA,0.081,3.603,20.764,23.354,98.875,-1.125,99.4,0.202,NA,6.208,5.452,5.612,5.241,14.958,NA,4.174,161.977,46.102,164.623,46.855,-2.646,-0.753,-1.037,-0.291,7.37,2.098,247.866,70.547,289.076,82.276,351.347,1.338,2.591
423,"CYP","Cyprus",15.964,3.4,18.219,20.161,30.019,114.125,18818.51,32775.538,21476.709,23766.305,35386.405,-4.6,0.025,0.607,16.723,11.904,98.778,-1.218,99.46,0.07,NA,6.761,11.011,4.029,-9.028,12.95,0.363,0.848,7.028,38.577,6.952,38.157,0.077,0.42,0.354,1.579,0.533,2.928,16.075,88.229,19.418,106.578,18.219,-0.984,-4.879
935,"CZE","Czech Republic",4412.049,2.451,4767.99,195.09,353.765,108.067,418051.415,31046.863,451777.613,18485.235,33520.026,NA,0.293,13.478,25.98,27.536,100.658,0.675,101.5,2.01,NA,2.794,3.095,4.34,4.398,3.946,5.139,10.554,1917.303,40.212,1882.525,39.483,34.778,0.729,43.576,0.911,72.033,1.511,1183.063,24.813,1754.883,36.806,4767.99,3.037,1.557
128,"DNK","Denmark",1954.5,1.967,2065.962,306.9,276.191,105.703,342459.093,44822.485,361988.986,53773.639,48393.001,-0.227,0.229,7.48,20.977,28.299,100.25,0.25,100.7,0.499,NA,3.836,2.737,2.84,2.26,6.183,2.842,5.707,1098.822,53.187,1107.267,53.596,-8.445,-0.409,-2.057,-0.099,2.385,0.115,350.837,16.982,782.346,37.868,2065.962,22.469,7.321
611,"DJI","Djibouti",136.114,6.5,335.669,1.889,3.348,246.608,137123.99,3123.65,338159.313,1902.754,3372.476,NA,0.003,100.27,47.521,38.077,171.91,2.7,174.531,3.084,NA,-36.193,-36.193,-9.874,1.321,NA,NA,0.993,112.771,33.596,151.212,45.048,-38.441,-11.452,NA,NA,-34.634,-10.318,103.853,30.939,113.044,33.677,335.669,-0.178,-9.444
321,"DMA","Dominica",1.224,2.638,1.57,0.581,0.806,128.283,17301.031,10552.951,22194.361,8220.134,11393.589,NA,0.001,1.948,19.191,20.015,102.331,0.026,101.625,-0.221,NA,7.266,1.58,9.021,-18.064,NA,NA,0.071,0.725,47.149,0.666,43.309,0.059,3.841,NA,NA,0.083,5.417,NA,NA,1.103,71.748,1.537,0.005,0.824
243,"DOM","Dominican Republic",2246.355,6.612,3333.419,72.434,162.341,148.392,222962.305,14924.319,330858.995,7189.4,16113.175,NA,0.135,20.533,21.944,20.819,121.129,1.614,122.97,1.695,NA,9.288,9.075,8.773,5.482,5.494,NA,10.075,487.944,14.638,580.793,17.423,-92.849,-2.785,-107.437,-3.262,2.767,0.083,872.046,26.161,1154.226,34.626,3333.419,-0.815,-1.125
248,"ECU","Ecuador",69.314,-1.226,99.938,99.938,185.064,144.181,4193.551,10370.407,6046.302,6046.302,11196.503,NA,0.153,0.54,24.979,26.422,105.004,1.728,105.211,1.12,NA,-9.395,-10.467,2.995,4.299,5.21,NA,16.529,30.314,30.333,38.54,38.565,-8.226,-8.232,-6.987,-6.876,-6.666,-6.67,NA,NA,43.139,43.166,99.938,1.442,1.443
469,"EGY","Egypt",1918.1,4.347,2709.4,332.484,1133.869,141.254,21264.967,11643.134,30037.694,3686.07,12570.614,NA,0.939,2.39,15.04,9.076,371.183,10.199,362.535,13.969,NA,4.963,7.186,-10.135,4.292,12.705,NA,90.2,549.038,20.264,886.898,32.734,-337.86,-12.47,-330.069,-17.092,-116.995,-4.318,2389.376,88.188,2623.807,96.841,2709.4,-19.831,-5.965
253,"SLV","El Salvador",18.666,2.581,23.912,23.912,49.075,128.105,2944.179,7169.479,3771.645,3771.645,7740.593,NA,0.041,0.487,15.107,13.017,110.034,0.604,109.58,-0.931,NA,1.821,-0.372,3.877,5.011,6.899,NA,6.34,5.036,21.06,5.743,24.015,-0.707,-2.955,-0.813,-3.402,-0.006,-0.025,NA,NA,15.889,66.448,23.912,-0.5,-2.09
642,"GNQ","Equatorial Guinea",6101.344,-8.576,6674.112,11.253,31.961,109.388,7432288.139,36060.1,8129999.854,13708.152,38932.612,NA,0.026,208.822,16.564,3.615,208.139,1.4,209.89,2,NA,-16.349,-20.891,-11.347,-12.925,NA,NA,0.821,1129.134,16.918,1853.088,27.765,-723.954,-10.847,NA,NA,-696.643,-10.438,NA,NA,2892.447,43.338,6674.112,-1.457,-12.949
643,"ERI","Eritrea",21.244,1.85,76.945,5.005,8.786,362.188,3651.886,1398.921,13226.698,860.273,1510.357,NA,0.007,8.757,8.107,6.003,791.454,9,826.915,9,NA,-6.027,-9.185,-22.707,-41.027,NA,NA,5.817,11.44,14.868,22.789,29.618,-11.349,-14.75,NA,NA,-8.895,-11.56,NA,NA,102.191,132.81,76.945,-0.105,-2.103
939,"EST","Estonia",17.977,2.063,21.098,23.348,38.983,117.365,13662.236,27440.934,16034.699,17744.131,29626.852,-1.102,0.032,0.541,24.243,24.555,100.8,0.8,101.34,2.353,NA,5.254,4.105,4.069,3.887,6.758,0.645,1.316,8.51,40.333,8.571,40.624,-0.061,-0.29,0.078,0.367,-0.081,-0.386,-0.573,-2.716,1.987,9.417,21.098,0.443,1.896
734,"SWZ","Eswatini",40.462,1.369,54.731,3.72,11.2,135.264,35732.911,9161.143,48333.837,3285.111,9890.91,NA,0.009,4.887,12.439,29.688,290.227,7.847,300.41,8.682,NA,6.509,7.321,0.939,4.165,NA,NA,1.132,14.291,25.633,20.074,36.005,-5.783,-10.372,NA,NA,-5.097,-9.142,9.909,17.773,14.198,25.465,55.753,0.642,17.248
644,"ETH","Ethiopia",1422.602,8,1541.277,73.151,177.602,108.342,15599.304,1803.784,16900.623,802.121,1947.471,NA,0.147,8.678,37.999,32.669,647.26,7.266,712.482,6.674,NA,19.371,12.625,8.65,4.941,NA,NA,91.196,244.819,15.884,280.893,18.225,-36.073,-2.34,NA,NA,-28.842,-1.871,784.968,50.93,820.518,53.236,1541.277,-6.574,-8.986
819,"FJI","Fiji",6.728,0.657,9.582,4.569,8.219,142.416,7704.259,8717.325,10972.074,5232.277,9411.739,NA,0.007,1.166,18.641,NA,112.65,3.865,113.7,3.931,NA,NA,NA,NA,NA,5.5,NA,0.873,2.692,28.089,2.825,29.485,-0.134,-1.396,NA,NA,0.131,1.367,4.109,42.881,4.548,47.465,9.582,-0.131,-2.861
172,"FIN","Finland",191.432,2.477,216.111,239.15,233.747,112.892,34886.323,39454.838,39383.793,43582.433,42597.772,-2.849,0.194,0.925,22.019,21.677,100.389,0.389,101.08,1.1,NA,5.57,6.388,3.949,3.331,8.792,2.448,5.487,116.937,54.11,120.805,55.9,-3.868,-1.79,-0.107,-0.048,-3.432,-1.588,136.04,62.949,136.04,62.949,216.111,-0.819,-0.342
132,"FRA","France",2197.26,1.103,2228.568,2466.152,2739.216,101.425,34035.184,39299.445,34520.148,38200.283,42430.001,-0.924,2.27,0.814,22.686,21.934,100.306,0.306,100.91,0.809,NA,3.044,3.708,1.5,1.409,10.05,25.123,64.558,1181.154,53.001,1260.8,56.574,-79.646,-3.574,-63.931,-2.842,-40.721,-1.827,1949.7,87.487,2152.5,96.587,2228.568,-18.548,-0.752
646,"GAB","Gabon",5458.353,2.082,8310.636,14.02,35.817,152.255,2757294.709,16757.907,4198129.658,7082.302,18092.826,NA,0.03,232.033,34.174,24.267,125.408,2.086,127.762,4.071,NA,-16.107,-16.107,-4.059,-4.059,NA,NA,1.98,1424.246,17.138,1815.682,21.848,-391.436,-4.71,NA,NA,-198.262,-2.386,NA,NA,5335.31,64.199,8310.636,-1.389,-9.907
648,"GMB","The Gambia",51.76,0.406,63.295,1.445,5.215,122.285,25391.153,2369.478,31049.626,708.855,2558.228,NA,0.004,12.137,13.011,7.095,418.425,7.225,434.025,7.875,NA,-14.442,8.884,9.533,4.677,NA,NA,2.039,8.466,13.376,12.585,19.884,-4.119,-6.508,-4.827,NA,-0.858,-1.355,NA,NA,52.123,82.349,63.295,-0.085,-5.916
915,"GEO","Georgia",14.515,2.849,34.028,14.376,37.252,234.43,3921.798,9322.123,9193.888,3884.017,10064.714,NA,0.031,0.913,32.727,19.924,167.393,2.133,163.749,1.832,NA,0.21,-1.968,4.218,4.207,11.763,NA,3.701,9.623,28.279,10.168,29.879,-0.545,-1.6,-0.284,-0.823,-0.142,-0.416,NA,NA,15.113,44.414,34.028,-1.84,-12.803
134,"DEU","Germany",2859.18,2.157,3159.75,3496.606,4022.28,110.512,34720.17,45240.361,38370.113,42460.686,48844.163,0.2,3.333,0.786,19.66,28.168,100.383,0.392,101.4,1.603,NA,3.987,3.822,2.142,1.895,4.15,41.058,82.349,1415.506,44.798,1386.76,43.888,28.746,0.91,29.913,0.952,57.677,1.825,1524.203,48.238,2145.473,67.9,3159.75,297.469,8.507
652,"GHA","Ghana",36.104,3.722,167.353,42.788,121.29,463.536,1309.362,4074.24,6069.367,1551.767,4398.79,NA,0.1,1.38,14.487,7.802,177.378,17.455,185.253,15.362,NA,-2.864,-3.756,5.808,5.808,NA,NA,27.573,28.865,17.248,43.679,26.1,-14.813,-8.852,NA,NA,-3.284,-1.963,111.852,66.836,122.846,73.405,167.353,-2.86,-6.685
174,"GRC","Greece",184.595,-0.244,174.199,192.77,289.811,94.368,17117.878,24891.919,16153.846,17875.98,26874.784,-9.821,0.24,0.601,10.61,9.535,118.573,0.013,116.647,0.29,NA,0.253,2.607,-1.82,3.721,23.55,3.674,10.784,87.473,50.214,86.261,49.519,1.212,0.696,10.182,5.271,6.827,3.919,NA,NA,319.573,183.453,174.199,-2.072,-1.075
328,"GRD","Grenada",2.268,3.684,2.852,1.056,1.526,125.76,21163.54,13188.214,26615.181,9857.475,14238.774,NA,0.001,1.869,20.161,16.952,109.371,1.716,109.874,0.923,NA,3.08,3.08,3.451,3.952,NA,NA,0.107,0.752,26.355,0.686,24.042,0.066,2.314,0.062,2.189,0.148,5.199,NA,NA,2.338,81.99,2.852,-0.034,-3.209
258,"GTM","Guatemala",248.13,3.092,521.837,68.663,131.923,210.308,14963.381,7368.6,31469.192,4140.717,7955.576,NA,0.109,3.956,12.888,14.378,124.834,4.448,126.83,4.232,NA,3.456,3.456,1.668,1.668,NA,NA,16.582,57.418,11.003,63.08,12.088,-5.663,-1.085,-5.77,-1.102,2.061,0.395,NA,NA,127.93,24.515,521.837,1.023,1.49
656,"GIN","Guinea",54258,10.458,77899,8.695,25.354,143.571,4287906.469,1855.845,6156209.702,687.118,2003.68,NA,0.021,3072.451,24.764,-6.347,1418.981,8.174,1466.956,8.701,NA,96.67,113.354,-0.169,1.813,NA,NA,12.654,12325.46,15.822,12439.08,15.968,-113.62,-0.146,NA,NA,731.12,0.939,NA,NA,32542.732,41.776,77899,-2.705,-31.11
654,"GNB","Guinea-Bissau",455.814,6.263,698.685,1.179,2.938,153.283,273946.453,1635.599,419912.624,708.398,1765.89,NA,0.002,237.791,8.808,10.134,109.508,1.498,110.8,1.558,NA,10.648,13.905,-7.601,-8.673,NA,NA,1.664,111.964,16.025,151.372,21.665,-39.408,-5.64,NA,NA,-34.341,-4.915,NA,NA,404.525,57.898,698.685,0.016,1.326
336,"GUY","Guyana",398.199,3.356,723.581,3.504,6.054,181.713,514933.219,7251.543,935701.253,4531.241,7829.193,NA,0.005,119.514,14.593,14.97,112.542,0.827,113.5,1.454,NA,6.696,4.174,17.576,19.163,NA,NA,0.773,203.372,28.106,234.306,32.381,-30.934,-4.275,-18.889,-2.531,-24.207,-3.345,367.127,50.737,367.127,50.737,723.581,0.013,0.378
263,"HTI","Haiti",15.853,1.453,481.212,8.178,19.373,3035.463,1461.375,1654.069,44359.513,753.91,1785.83,NA,0.016,24.84,30.486,29.476,237.851,13.378,251.179,12.495,NA,-6.271,-1.981,-3.238,2.578,NA,NA,10.848,89.526,18.604,89.772,18.655,-0.246,-0.051,NA,NA,1.258,0.262,NA,NA,163.055,33.884,481.212,-0.083,-1.01
268,"HND","Honduras",197.229,3.752,494.239,21.644,43.357,250.591,24081.549,4903.308,60346.276,2642.706,5293.901,NA,0.036,11.399,23.318,20.606,292.508,2.725,296.233,3.315,NA,-2.372,-2.372,4.892,4.892,6.284,NA,8.19,133.826,27.077,135.796,27.476,-1.971,-0.399,NA,NA,1.088,0.22,NA,NA,190.275,38.499,494.239,-0.587,-2.712
532,"HKG","Hong Kong SAR",2490.776,2.163,2490.776,320.897,431.006,100,337636.199,54114.2,337636.199,43499.075,58424.884,NA,0.357,5.779,21.538,25.499,103,2.411,105.795,2.411,NA,0.868,0.708,0.692,1.558,3.387,3.783,7.377,573.125,22.641,462.052,18.253,111.073,4.388,63.395,2.484,90.424,3.572,NA,NA,1.5,0.059,2531.338,12.711,3.961
944,"HUN","Hungary",25088.51,2.213,35420.32,125.854,273.299,141.181,2552113.146,25749.985,3603110.121,12802.409,27801.204,NA,0.226,129.603,19.658,25.815,111.843,0.419,113.075,1.86,NA,2.937,-2.454,3.44,6.157,5.147,NA,9.83,15892.816,44.869,16482.261,46.533,-589.445,-1.664,-470.664,-1.286,523.004,1.477,25578.477,72.214,26912.2,75.98,35420.32,7.597,6.037
176,"ISL","Iceland",1376.775,7.352,2502.735,20.716,17.158,181.782,4069097.293,46968.898,7396903.789,61226.794,50710.395,NA,0.014,145.866,21.603,29.112,243.878,1.697,245.95,1.893,NA,14.49,13.676,10.935,3.69,3.008,0.191,0.338,1418.289,56.67,1109.927,44.349,308.362,12.321,15.037,0.615,383.932,15.34,992.123,39.642,1293.835,51.697,2502.735,1.556,7.509
534,"IND","India",121960.1,7.113,152537.1,2273.556,8714.775,125.071,93830.19,6210.04,117354.652,1749.164,6704.725,NA,7.221,17.503,30.347,29.716,136.991,4.5,130.6,3.569,NA,4.106,1.619,6.816,8.163,NA,NA,1299.796,30957.01,20.295,41912.894,27.477,-10955.884,-7.182,-11046.644,-7.267,-3873.724,-2.54,NA,NA,106037.638,69.516,152537.1,-14.351,-0.631
536,"IDN","Indonesia",9434632.3,5.033,12406774.1,932.445,3035.209,131.502,36468689.434,10866.686,47957225.798,3604.281,11732.315,NA,2.515,4087.618,33.845,32.027,124.668,3.526,126.71,3.025,NA,2.548,2.548,1.233,1.233,5.61,NA,258.705,1778188.28,14.332,2086529.221,16.818,-308340.941,-2.485,-305910.364,-2.463,-125579.671,-1.012,2956863.839,23.833,3515460,28.335,12406774.1,-16.953,-1.818
429,"IRN","Islamic Republic of Iran",6691109.2,12.518,12722849,404.445,1551.084,190.146,83160499.817,17855.321,158126022.206,5026.648,19277.658,NA,1.285,8202.553,33.534,37.56,100.008,9.05,105.9,11.827,NA,11.036,13.119,19.013,22.401,12.425,NA,80.46,2198600,17.281,2487200,19.549,-288600,-2.268,NA,NA,-274315.62,-2.156,4388979.021,34.497,6039591.432,47.47,12722849,16.283,4.026
433,"IRQ","Iraq",204364.307,13.062,201427.262,170.677,650.568,98.563,5394540.491,15905.8,5317012.251,4505.306,17172.841,NA,0.539,309.618,NA,13.108,122.353,0.525,121.961,-1.548,NA,NA,NA,NA,NA,NA,NA,37.884,55497.782,27.552,84218.099,41.811,-28720.316,-14.258,NA,NA,-27326.986,-13.567,NA,NA,132997.618,66.028,201427.262,-13.376,-7.837
178,"IRL","Ireland",272.472,4.914,272.844,301.931,323.385,100.137,57107.766,62777.806,57185.734,63282.209,67778.624,1.149,0.268,0.844,37.874,33.706,99.792,-0.2,99.7,-0.3,NA,18.506,6.88,4.451,0.528,8.392,2.132,4.771,73.375,26.893,74.797,27.414,-1.422,-0.521,-2.846,-1.055,4.492,1.646,175.665,64.383,200.693,73.556,272.844,-12.585,-4.168
436,"ISR","Israel",1208.585,3.961,1220.331,317.748,301.237,100.972,141464.033,32658.02,142838.894,37192.14,35259.525,NA,0.25,4.051,20.483,24.241,99.958,-0.545,100,-0.202,NA,9.405,10.234,2.545,-0.257,4.775,3.741,8.543,448.124,36.722,473.888,38.833,-25.764,-2.111,-31.032,-2.54,6.418,0.526,716.334,58.7,760.1,62.286,1220.331,11.942,3.758
136,"ITA","Italy",1570.98,0.858,1680.949,1860.152,2239.681,107,25895.751,34194.592,27708.46,30662.413,36918.5,-2.584,1.856,0.751,17.095,19.656,99.942,-0.05,101.1,0.497,NA,3.542,3.62,2.408,2.162,11.658,22.758,60.666,787.813,46.867,829.451,49.344,-41.638,-2.477,-23.044,-1.335,21.941,1.305,2008.591,119.491,2219.546,132.041,1680.949,47.64,2.561
343,"JAM","Jamaica",754.301,1.504,1760.988,14.022,25.406,233.46,266611.423,8317.378,622429.928,4956.267,8979.932,NA,0.021,69.313,21.316,20.554,438.813,2.349,435.018,1.725,NA,15.728,14.206,14.859,11.471,12.835,NA,2.829,499.88,27.945,503.356,28.139,-3.476,-0.194,NA,NA,135.88,7.596,NA,NA,2032.149,113.603,1788.819,-0.381,-2.72
158,"JPN","Japan",522577.2,0.961,538532.8,4950.073,5250.15,103.053,4116074.803,38301.688,4241748.949,38989.207,41352.763,-1.806,4.35,102.575,23.56,27.497,99.883,-0.114,100.246,0.308,0.013,-1.619,0.086,1.712,0.828,3.117,64.648,126.96,183624.4,34.097,203368.7,37.763,-19744.3,-3.666,-22417.716,-4.088,-15827.1,-2.939,823011.5,152.825,1268721.4,235.589,538532.8,194.866,3.937
439,"JOR","Jordan",11.643,2.013,27.445,38.709,85.65,235.721,1231.3,8389.588,2902.433,4093.707,9057.894,NA,0.071,0.32,18.859,9.318,115.495,-0.778,117.049,0.843,NA,-3,-4.626,0.945,4.965,15.275,NA,9.456,7.013,25.554,7.949,28.963,-0.936,-3.409,-0.836,-3.038,-0.117,-0.426,25.22,91.895,26.093,95.073,27.445,-3.693,-9.541
916,"KAZ","Kazakhstan",18400.209,1.083,46971.15,137.289,451.669,255.275,1026425.055,23336.624,2620207.514,7658.458,25195.596,NA,0.374,103.995,27.828,21.364,357.245,14.552,370.828,8.5,NA,-8.037,-11.461,-6.304,-8.71,4.951,NA,17.927,7573.956,16.125,10085.636,21.472,-2511.679,-5.347,-2401.541,-5.02,-2198.784,-4.681,-11160.056,-23.759,9242.679,19.677,46971.15,-8.874,-6.464
664,"KEN","Kenya",4300.303,5.869,7194.149,70.876,153.116,167.294,94613.58,3120.252,158282.86,1559.391,3368.808,NA,0.127,46.985,16.199,10.983,313.742,6.318,313.013,6.35,NA,-6.276,-11.404,-2.615,1.086,NA,NA,45.451,1347.185,18.726,1943.655,27.017,-596.47,-8.291,NA,NA,-377.078,-5.241,3448.714,47.938,3827.424,53.202,7194.149,-3.697,-5.217
826,"KIR","Kiribati",0.18,1.14,0.244,0.182,0.216,136.022,1598.265,1780.448,2173.988,1617.206,1922.277,NA,NA,1.131,NA,NA,124.817,1.917,124.671,0.748,NA,-6.484,0.841,14.295,10.732,NA,NA,0.112,0.336,137.534,0.312,127.592,0.024,9.941,NA,NA,0.025,10.116,NA,NA,0.056,22.879,0.244,0.035,19.44
542,"KOR","Korea",1509755.1,2.929,1641786.1,1414.804,1937.606,108.745,29461103.932,35020.414,32037534.383,27608.248,37810.106,-1.05,1.605,847.327,29.252,36.267,100.971,0.972,101.56,1.337,NA,4.728,3.325,2.561,2.085,3.675,26.409,51.246,367888,22.408,339236,20.663,28652,1.745,32555.814,1.962,12952.909,0.789,193297.121,11.774,654900,39.889,1641786.1,99.243,7.015
967,"UVK","Kosovo",6.07,4.062,6.07,6.717,18.541,100,3403.425,9628.772,3403.425,3766.258,10395.79,NA,0.015,0.327,NA,13.196,100,0.273,100,1.295,NA,6.757,8.02,9.094,-7.742,27.5,NA,1.784,1.595,26.284,1.672,27.55,-0.077,-1.266,NA,NA,-0.058,-0.959,NA,NA,1.18,19.435,6.07,-0.533,-7.931
443,"KWT","Kuwait",40.438,2.196,33.507,110.873,294.09,82.858,9434.993,63553.831,7817.674,25868.683,68616.467,NA,0.244,0.114,26.994,32.915,178.228,3.482,186.543,3.513,NA,1.062,1.062,1.801,1.081,1.134,NA,4.286,17.891,53.397,17.681,52.77,0.21,0.627,NA,NA,-4.611,-13.761,NA,NA,3.312,9.883,33.507,-5.056,-4.561
917,"KGZ","Kyrgyz Republic",164.649,4.336,476.331,6.813,21.725,289.302,26814.865,3277.14,77575.844,1109.589,3538.193,NA,0.018,21.925,31.61,20.106,146.927,0.389,148.494,-0.503,NA,4.766,3.885,-0.815,-2.553,7.211,NA,6.14,158.889,33.357,186.99,39.256,-28.101,-5.899,-32.527,-6.872,-22.976,-4.823,NA,NA,266.302,55.907,476.331,-0.792,-11.618
544,"LAO","Lao P.D.R.",108914.779,7.023,129279.119,15.916,45.297,118.697,16538612.131,6370.831,19630919.122,2416.855,6878.326,NA,0.038,2854.026,NA,NA,101.305,1.597,102.487,2.487,NA,1.652,-17.551,4.127,6.555,NA,NA,6.585,20490,16.227,26455,20.951,-5965,-4.724,NA,NA,-4479.573,-3.548,NA,NA,73804.281,58.449,126272.236,-2.07,-13.008
941,"LVA","Latvia",21.799,2.209,24.926,27.583,50.707,114.341,11071.488,23852.952,12659.3,14008.887,25753.054,NA,0.042,0.492,19.563,20.951,100.101,0.099,101.38,2.105,NA,4.541,4.541,4.078,4.078,9.64,0.893,1.969,9.065,36.369,9.165,36.771,-0.1,-0.402,0.009,0.036,0.208,0.836,6.99,28.045,9.32,37.391,24.926,0.378,1.372
446,"LBN","Lebanon",64144.334,1.741,77611.994,51.484,85.32,120.996,14358345.405,17689.267,17373004.738,11524.381,19098.377,NA,0.071,909.659,NA,0.741,110.895,-0.816,113.556,3.142,NA,5.318,8.703,0.194,-0.402,NA,NA,4.467,14958,19.273,21808,28.099,-6850,-8.826,-8963.546,-11.391,335,0.432,108482,139.775,112890,145.454,77611.994,-11.182,-21.719
666,"LSO","Lesotho",24.547,3.061,34.325,2.442,6.635,139.835,12229.452,3061.692,17101.02,1216.635,3305.583,NA,0.005,5.173,27.939,19.726,100,6.206,101.774,4.448,NA,8.845,8.845,6.206,6.206,NA,NA,2.007,14.051,40.936,16.229,47.281,-2.178,-6.345,NA,NA,-2.108,-6.141,-0.61,-1.778,12.439,36.239,34.325,-0.201,-8.213
668,"LBR","Liberia",1.384,-1.63,3.278,3.278,5.853,236.771,300.072,1175.069,710.482,710.482,1268.674,NA,0.005,0.56,NA,NA,415.104,8.844,441.196,12.518,NA,-15.454,-15.892,-8.757,-11.9,NA,NA,4.614,1.04,31.739,1.163,35.479,-0.123,-3.739,NA,NA,-0.113,-3.454,0.748,22.831,0.928,28.296,3.278,-0.464,-14.141
672,"LBY","Libya",12.514,-7.389,25.753,18.539,37.077,205.796,1960.011,5378.693,4033.621,2903.741,5807.155,NA,0.031,0.695,68.889,NA,231.883,25.881,250.891,25,NA,-42.937,-44.386,0.73,3.934,NA,NA,6.385,8.175,31.743,37.36,145.069,-29.185,-113.325,NA,NA,-29.185,-113.325,NA,NA,NA,NA,25.753,-4.575,-24.677
946,"LTU","Lithuania",34.532,2.345,38.681,42.805,86.423,112.014,12039.546,27907.882,13485.978,14923.696,30130.997,NA,0.072,0.448,17.272,16.151,100.678,0.678,101.94,1.96,NA,3.528,NA,3.454,NA,7.861,1.361,2.868,13.05,33.739,12.95,33.478,0.101,0.261,0.265,0.679,0.621,1.606,12.666,32.745,15.514,40.107,38.681,-0.479,-1.12
137,"LUX","Luxembourg",47.724,3.083,53.005,58.656,59.58,111.065,82818.712,95764.548,91982.459,101788.556,103393.058,0.472,0.049,0.89,17.946,23.039,100.039,0.04,101.33,1.533,NA,2.118,0.372,2.699,-2.839,6.344,0.418,0.576,23.187,43.745,22.328,42.125,0.859,1.62,0.698,1.323,0.757,1.427,-6.304,-11.894,11.024,20.798,53.005,2.988,5.094
546,"MAC","Macao SAR",362.265,-0.863,362.265,45.311,64.607,100,561738.254,92789.937,561738.254,70260.597,100181.493,NA,0.054,5.607,21.665,NA,139.879,2.384,139.012,1.444,NA,NA,NA,NA,NA,1.9,0.39,0.645,108.948,30.074,68.278,18.847,40.67,11.227,NA,NA,40.67,11.227,NA,NA,0,0,362.265,12.215,26.959
962,"MKD","FYR Macedonia",435.564,2.91,598.882,10.759,30.445,137.496,210041.751,13598.046,288798.487,5188.432,14681.253,NA,0.025,19.671,NA,29.864,109.437,-0.239,109.287,-0.21,NA,11.561,12.744,8.102,12.281,23.75,NA,2.074,168.96,28.213,185.01,30.893,-16.05,-2.68,NA,NA,-9.24,-1.543,220.746,36.86,236.785,39.538,598.882,-0.293,-2.726
674,"MDG","Madagascar",8036.602,4.18,31769.183,10.001,37.539,395.306,322547.838,1395.466,1275051.477,401.396,1506.628,NA,0.031,846.295,14.793,15.361,394.545,6.66,408,6.952,NA,21.017,19.715,2.749,1.288,NA,NA,24.916,4681.702,14.737,5098.437,16.048,-416.736,-1.312,NA,NA,-137.996,-0.434,NA,NA,12200.06,38.402,31769.183,0.057,0.568
676,"MWI","Malawi",1309.936,2.27,3909.584,5.475,21.156,298.456,70305.235,1051.693,209830.243,293.851,1135.47,NA,0.018,184.796,10.756,-2.83,89.131,21.727,93.405,19.969,NA,5.147,5.147,-1.334,-1.334,NA,NA,18.632,838.656,23.782,1096.644,31.097,-257.988,-7.316,NA,NA,-88.244,-2.502,NA,NA,2125.719,60.279,3526.496,-0.744,-13.586
548,"MYS","Malaysia",1108.934,4.223,1231.021,297.832,864.864,111.009,35055.685,25322.933,38915.106,9415.092,27340.133,NA,0.717,1.423,25.834,28.264,115.15,2.076,116.8,1.742,NA,1.55,0.521,3.89,3.278,3.45,NA,31.634,254.799,20.698,286.94,23.309,-32.142,-2.611,-35.7,-2.894,-9.325,-0.757,NA,NA,691.619,56.183,1231.021,7.236,2.429
556,"MDV","Maldives",60.749,4.481,64.919,4.213,6.46,106.865,171769.976,16918.611,183561.243,11911.826,18266.331,NA,0.005,10.049,20,-4.517,184.579,0.801,229.48,1.825,NA,23.57,18.356,2.09,9.055,NA,NA,0.354,18.521,28.53,24.441,37.648,-5.92,-9.119,NA,NA,-4.685,-7.217,NA,NA,40.052,61.696,64.919,-1.033,-24.517
678,"MLI","Mali",4687.593,5.763,8306.694,14.014,38.369,177.206,256309.016,1943.142,454194.838,766.233,2097.931,NA,0.032,216.497,22.765,15.519,141.809,-1.8,145.369,-0.787,NA,15.85,13.335,-3.742,-3.982,NA,NA,18.289,1522.185,18.325,1850.096,22.272,-327.911,-3.948,NA,NA,-271.814,-3.272,2464.117,29.664,2986.45,35.952,8306.694,-1.015,-7.247
181,"MLT","Malta",8.955,5.212,10.18,11.265,17.715,113.682,19881.349,36429.033,22601.505,25011.014,39330.934,0.53,0.015,0.575,24.84,31.831,100.903,0.9,99.55,0.963,NA,0.697,0.697,4.178,4.178,5.25,0.192,0.45,3.882,38.133,3.781,37.141,0.101,0.992,0.077,0.758,0.319,3.132,4.444,43.651,5.728,56.271,10.18,0.788,6.991
867,"MHL","Marshall Islands",0.166,3.621,0.196,0.196,0.188,118.108,3068.673,3217.009,3624.337,3624.337,3473.273,NA,NA,1.043,NA,NA,146.479,-1.508,148.713,-1.508,NA,NA,NA,-14.292,NA,NA,NA,0.054,0.122,62.346,0.115,58.36,0.008,3.986,NA,NA,0.009,4.374,NA,NA,0.059,30.042,0.196,0.015,7.576
682,"MRT","Mauritania",859.822,1.82,1647.184,4.686,16.39,191.573,226655.88,4001.637,434210.575,1235.215,4320.403,NA,0.014,100.502,39.906,24.823,162.329,1.472,163.578,2.77,NA,17.178,17.178,-2.576,-2.576,NA,NA,3.794,461.258,28.003,469.783,28.52,-8.524,-0.518,NA,NA,8.895,0.54,1642.207,99.698,1647.365,100.011,1647.184,-0.707,-15.083
684,"MUS","Mauritius",332.594,3.838,434.765,12.232,26.724,130.719,263165.641,19585.263,344008.64,9678.965,21145.406,NA,0.022,16.269,17.901,15.847,212.538,0.978,204.339,2.339,NA,4.799,4.652,-1.305,-8.282,7.3,NA,1.264,94.1,21.043,109.555,24.499,-15.455,-3.456,-9.519,-2.292,-4.922,-1.101,NA,NA,295.375,66.052,447.185,-0.531,-4.343
273,"MEX","Mexico",17784.718,2.898,20115.786,1077.782,2368.459,113.107,145450.336,17941.015,164514.717,8814.52,19370.178,NA,1.962,8.493,23.738,21.574,119.98,2.822,122.515,3.36,NA,2.924,2.941,3.49,2.328,3.883,NA,122.273,4949.126,24.603,5505.755,27.37,-556.628,-2.767,-796.236,-3.984,111.461,0.554,9797.44,48.705,11418.022,56.762,20115.786,-23.321,-2.164
868,"FSM","Micronesia",0.247,2.935,0.323,0.323,0.335,130.665,2414.09,3030.196,3154.38,3154.38,3271.579,NA,NA,0.964,NA,NA,128.82,0.472,128.868,0.472,NA,NA,NA,NA,NA,NA,NA,0.102,0.227,70.244,0.197,61.219,0.029,9.025,NA,NA,0.03,9.34,NA,NA,0.082,25.293,0.323,0.011,3.259
921,"MDA","Moldova",11.9,4.3,158.689,7.965,22.266,1333.56,3351.172,5807.849,44689.883,2243.117,6270.497,NA,0.018,7.127,19.224,15.864,48346.212,6.382,22143.435,2.368,NA,7.6,7.6,7.7,7.7,4.226,NA,3.551,45.947,28.954,48.774,30.735,-2.827,-1.781,NA,NA,-1.015,-0.64,NA,NA,56.793,35.789,158.689,-0.268,-3.359
948,"MNG","Mongolia",16035.925,1.168,23942.866,11.159,37.107,149.308,5320551.132,11403.231,7943991.066,3702.583,12311.601,NA,0.031,645.244,29.369,23.099,100.583,0.491,100.3,0.804,NA,3.76,-6.934,5.044,3.526,7.948,NA,3.014,5634.559,23.533,9699.238,40.51,-4064.679,-16.977,NA,NA,-3121.274,-13.036,NA,NA,NA,NA,23942.866,-0.7,-6.27
943,"MNE","Montenegro",2.706,2.949,3.954,4.376,10.428,146.108,4346.88,15513.673,6351.125,7028.208,16749.477,NA,0.009,0.379,26.095,9.869,292.024,-0.258,267.347,1,NA,12.557,12.553,3.964,8.348,NA,NA,0.623,1.635,41.338,1.879,47.518,-0.244,-6.181,NA,NA,-0.159,-4.02,NA,NA,2.625,66.387,3.954,-0.71,-16.235
686,"MAR","Morocco",913.141,1.126,1013.559,103.346,281.467,110.997,26477.818,7559.371,29389.596,2996.652,8161.543,NA,0.233,3.601,32.638,28.873,116.699,1.647,117.482,1.819,NA,12.266,12.647,6.155,7.99,9.9,NA,34.487,263.989,26.046,309.422,30.528,-45.433,-4.483,-49.233,-4.815,-18.538,-1.829,652.436,64.371,657.376,64.858,1013.559,-4.363,-4.221
688,"MOZ","Mozambique",468.372,3.763,687.116,10.897,35.09,146.703,16290.42,1130.41,23898.555,379.004,1220.458,NA,0.029,19.582,38.118,-1.162,238.113,19.241,261.056,21.1,NA,-20.829,-33.391,-4.588,2.1,NA,NA,28.751,180.061,26.205,223.462,32.522,-43.401,-6.316,NA,NA,-22.79,-3.317,NA,NA,835.22,121.554,687.116,-4.28,-39.28
518,"MMR","Myanmar",59803.801,5.892,79722,63.251,302.965,133.306,1144488.466,5370.173,1525670.748,1210.456,5797.956,NA,0.251,263.139,21.467,17.554,130.33,6.765,131.96,6.998,NA,4.776,6.173,3.141,2.427,4,NA,52.254,15000.315,18.816,17006.084,21.332,-2005.768,-2.516,NA,NA,-965.009,-1.21,NA,NA,28498.053,35.747,79722,-2.475,-3.913
728,"NAM","Namibia",53.338,0.7,166.345,11.306,26.306,311.873,22946.915,10482.185,71565.175,4864.078,11317.186,NA,0.022,6.324,23.366,9.612,119.823,6.727,122.117,7.298,NA,-6.184,-6.184,11.336,11.336,NA,NA,2.324,51.191,30.319,65.862,39.009,-14.672,-8.69,NA,NA,-10.797,-6.395,61.659,36.519,66.623,39.459,168.84,-1.555,-13.757
836,"NRU","Nauru",0.11,10.404,0.14,0.102,0.151,126.943,8461.676,10700.563,10741.516,7823.642,11552.959,NA,NA,0.93,NA,NA,116.678,8.15,118.961,8.215,NA,NA,NA,NA,NA,NA,NA,0.013,0.155,110.907,0.128,91.645,0.027,19.261,NA,NA,NA,NA,NA,NA,0.091,64.955,0.14,0.002,1.711
558,"NPL","Nepal",768.835,0.589,2253.163,21.186,72.023,293.062,26516.522,2300.738,77709.829,730.686,2484.013,NA,0.06,31.284,33.882,40.201,109.938,9.932,112.88,10.439,NA,NA,NA,NA,NA,NA,NA,28.995,525.01,23.301,494.549,21.949,30.462,1.352,NA,NA,38.29,1.699,NA,NA,627.789,27.863,2253.163,1.339,6.319
138,"NLD","Netherlands",705.131,2.192,708.337,783.852,881.866,100.455,41405.226,47962.424,41593.482,46027.694,51783.064,-0.88,0.731,0.803,20.488,28.515,100.103,0.11,100.78,0.73,NA,-1.977,5.426,1.668,4.379,6.024,8.403,17.03,302.048,42.642,299.475,42.279,2.573,0.363,5.695,0.797,10.074,1.422,353.854,49.956,434.205,61.299,708.337,62.923,8.027
196,"NZL","New Zealand",234.336,4.137,265.974,185.374,179.984,113.501,49362.993,35116.417,56027.553,39049.156,37913.756,0.125,0.149,1.478,23.712,21.462,141.096,0.639,139.437,1.331,NA,3.249,3.627,1.552,1.445,5.1,2.466,4.747,100.114,37.64,96.869,36.42,3.245,1.22,3.412,1.284,4.942,1.858,24.209,9.102,88.981,33.455,265.974,-4.171,-2.25
278,"NIC","Nicaragua",178.017,4.659,377.349,13.184,34.066,211.973,28946.256,5130.58,61358.301,2143.812,5539.277,NA,0.028,11.077,30.711,23.207,197.045,3.524,199.622,3.13,NA,5.874,7.308,4.621,1.809,6.197,NA,6.15,95.353,25.269,101.395,26.87,-6.041,-1.601,NA,NA,-3.584,-0.95,NA,NA,117.561,31.154,377.349,-0.989,-7.504
692,"NER","Niger",2831.941,4.857,4464.334,7.531,20.448,157.642,155654.976,1041.004,245377.953,413.954,1123.929,NA,0.017,218.321,37.038,20.626,107.523,0.177,106.5,-2.204,NA,-9.428,-14.14,-4.746,-2.702,NA,NA,18.194,914.058,20.475,1187.914,26.609,-273.856,-6.134,NA,NA,-231.925,-5.195,1813.358,40.619,2019.643,45.24,4464.334,-1.181,-15.688
694,"NGA","Nigeria",68652.431,-1.617,102575.419,405.442,1091.324,149.413,373851.037,5504.397,558580.755,2207.861,5942.872,NA,0.904,93.992,15.367,16.045,200.298,15.696,213.56,18.546,NA,-28.963,-25.227,-7.073,-10.346,13.375,NA,183.636,5693.747,5.551,9725.875,9.482,-4032.128,-3.931,NA,NA,-2718.671,-2.65,15602.964,15.211,20124.285,19.619,102575.419,2.714,0.669
142,"NOR","Norway",3152.148,1.091,3117.033,371.075,367.051,98.886,600161.533,64729.326,593475.72,70651.871,69885.601,-0.85,0.304,8.492,29.306,33.114,112.442,3.55,111.897,3.469,NA,2.334,0.909,-1.804,-0.718,4.74,2.638,5.252,1683.089,53.997,1558.592,50.002,124.497,3.994,-199.161,-7.546,45.307,1.454,-2656.517,-85.226,1133.298,36.358,3117.033,14.088,3.797
449,"OMN","Oman",28.748,4.979,25.355,65.941,188.343,88.194,7170.51,43510.951,6323.994,16447.318,46976.99,NA,0.156,0.135,29.343,10.534,155.184,1.1,149.948,1.1,NA,-10.916,-15.938,-9.821,-12.673,NA,NA,4.009,7.523,29.67,12.888,50.83,-5.365,-21.16,NA,NA,-5.488,-21.643,-7.237,-28.544,8.236,32.483,25.355,-12.32,-18.683
564,"PAK","Pakistan",11116.802,4.563,29075.633,278.655,987.911,261.547,57433.364,4727.329,150215.091,1439.63,5103.903,NA,0.819,29.431,15.686,13.94,203.833,2.863,207.3,3.191,NA,10.871,13.553,-5.109,-4.39,5.958,NA,193.56,4512.376,15.519,5796.265,19.935,-1283.889,-4.416,NA,NA,-20.503,-0.071,17811.31,61.259,19664.793,67.633,29075.633,-4.867,-1.747
565,"PLW","Palau",0.293,0.018,0.303,0.303,0.269,103.214,16235.68,13778.112,16757.568,16757.568,14875.663,NA,NA,1.127,28.44,NA,121.05,-1.033,121.6,0.413,NA,5.502,2.774,-1.545,28.061,NA,NA,0.018,0.125,41.196,0.114,37.674,0.011,3.522,NA,NA,NA,NA,NA,NA,NA,NA,0.303,-0.036,-11.747
283,"PAN","Panama",38.134,4.989,57.821,57.821,96.976,151.624,9446.087,22249.307,14322.581,14322.581,24021.665,NA,0.08,0.596,44.65,39.184,103.527,0.74,104,1.463,NA,0.587,0.039,-2.62,-7.361,5.494,NA,4.037,11.669,20.182,12.694,21.953,-1.024,-1.771,-1.001,-1.714,-0.078,-0.135,20.193,34.923,21.601,37.358,57.821,-3.16,-5.465
853,"PNG","Papua New Guinea",58.922,1.592,59.312,18.931,28.891,100.662,7287.855,3309.791,7336.102,2341.536,3573.446,NA,0.024,2.053,NA,NA,632.081,6.674,630.979,6.612,NA,-12.441,-18.62,32.798,33.363,NA,NA,8.085,10.486,17.679,13.572,22.883,-3.087,-5.204,NA,NA,-1.839,-3.1,NA,NA,21.911,36.941,59.312,4.569,24.135
288,"PRY","Paraguay",193247.696,4.313,204447.278,36.054,83.286,105.795,28192674.566,11254.027,29826568.222,5259.938,12150.512,NA,0.069,2454.758,19.724,20.877,94.55,4.082,95.7,3.909,NA,-1.653,-2.162,6.251,6.365,5.998,NA,6.855,39005.06,19.078,39816.969,19.475,-811.909,-0.397,-646.291,-0.315,1008.123,0.493,30909.496,15.119,38691.217,18.925,204447.278,0.416,1.153
293,"PER","Peru",502.374,4.035,656.694,194.542,412.146,130.718,15954.14,12123.02,20854.96,6178.179,13088.728,NA,0.341,1.593,22.22,19.527,123.863,3.593,125.715,3.235,NA,-3.014,-3.014,11.543,11.543,6.742,NA,31.489,123.412,18.793,138.201,21.045,-14.788,-2.252,-12.259,-1.855,-8.633,-1.315,45.608,6.945,160.653,24.464,656.694,-5.239,-2.693
566,"PHL","Philippines",8122.741,6.876,14479.945,304.889,806.869,178.264,78678.239,7238.827,140255.178,2953.208,7815.464,NA,0.669,17.946,24.409,24.016,108.358,1.254,109.9,2.233,NA,20.296,24.56,10.818,7.146,5.475,NA,103.24,2769.096,19.124,2822.53,19.493,-53.434,-0.369,-56.715,-0.392,212.268,1.466,NA,NA,5650.934,39.026,14479.945,-1.199,-0.393
964,"POL","Poland",1726.916,2.97,1858.468,471.173,1055.527,107.618,45484.403,25749.819,48949.279,12409.991,27801.024,NA,0.875,1.761,19.53,19.24,166.54,-0.583,165.6,0.8,NA,8.368,8.368,8.849,8.849,6.161,NA,37.967,720.789,38.784,764.43,41.132,-43.641,-2.348,-39.924,-2.138,-11.972,-0.644,891.172,47.952,1006.585,54.162,1858.468,-1.369,-0.291
182,"PRT","Portugal",174.506,1.619,185.494,205.269,300.214,106.296,16900.518,26929.833,17964.651,19879.832,29075.038,-2.457,0.249,0.618,15.482,16.076,100.636,0.636,100.74,0.881,NA,4.486,3.634,4.331,2.294,11.066,4.674,10.326,79.706,42.969,83.371,44.945,-3.665,-1.976,-2.072,-1.09,3.601,1.941,209.791,113.098,240.958,129.901,185.494,1.218,0.594
359,"PRI","Puerto Rico",10.188,-1.327,103.961,103.961,130.667,1020.464,2986.421,35477.822,30475.357,30475.357,38303.951,NA,0.108,0.796,7.985,NA,115.87,-0.294,116.646,0.453,NA,NA,NA,NA,NA,11.8,0.989,3.411,19.963,19.202,21.885,21.051,-1.922,-1.849,NA,NA,0.395,0.38,NA,NA,52.04,50.058,103.961,NA,NA
453,"QAT","Qatar",796.278,2.131,552.305,151.732,328.01,69.361,304197.607,116062.24,210993.974,57965.377,125307.644,NA,0.272,1.684,NA,42.373,108.05,2.677,NA,NA,NA,10.875,17.236,2.057,2.191,NA,NA,2.618,195.558,35.408,221.685,40.138,-26.127,-4.73,NA,NA,-17.927,-3.246,NA,NA,257.964,46.707,552.305,-8.27,-5.45
968,"ROU","Romania",637.723,4.823,767.377,189.047,443.529,120.331,32272.921,20789.411,38834.294,9567.021,22445.475,NA,0.367,1.73,23.785,21.707,112.465,-1.555,112.936,-0.534,NA,9.789,10.623,8.659,8.173,5.902,NA,19.76,220.783,28.771,239.082,31.156,-18.299,-2.385,-13.562,-1.744,-8.643,-1.126,212.087,27.638,297.449,38.762,767.377,-3.93,-2.079
922,"RUS","Russia",86148.6,-0.2,86148.6,1284.727,3881.33,100,598399.611,24971.064,598399.611,8923.888,26960.235,NA,3.216,22.196,23.95,25.858,1510.468,7.052,1494.757,5.367,NA,-4.265,1.45,1.61,2.55,5.525,NA,143.965,28181.5,32.713,31323.68,36.36,-3142.18,-3.647,-2937.963,-3.376,-2769.892,-3.215,NA,NA,13827.371,16.051,86148.6,24.401,1.899
714,"RWA","Rwanda",6307,5.982,6672,8.475,22.823,105.787,545909.925,1829.734,577502.937,733.566,1975.489,NA,0.019,292.334,25.884,6.065,109.03,5.723,112.956,7.284,NA,-5.15,-5.15,9.78,9.78,NA,NA,11.553,1565.161,23.459,1720.526,25.787,-155.365,-2.329,NA,NA,-89.234,-1.337,NA,NA,2487.794,37.287,6672,-1.336,-15.761
862,"WSM","Samoa",1.841,7.149,2.055,0.786,1.089,111.614,9402.602,5148.455,10494.627,4015.214,5558.575,NA,0.001,1.888,NA,NA,109.259,0.13,110.841,2.251,NA,NA,NA,NA,NA,NA,NA,0.196,0.741,36.063,0.75,36.476,-0.009,-0.414,NA,NA,NA,NA,NA,NA,1.081,52.581,2.055,-0.037,-4.738
135,"SMR","San Marino",1.232,2.197,1.414,1.565,1.989,114.838,35938.601,53748.25,41271.058,45670.897,58029.783,NA,0.002,0.711,20.993,NA,108.348,0.57,108.88,0.833,NA,NA,NA,NA,NA,8.597,NA,0.034,0.308,21.809,0.322,22.793,-0.014,-0.984,NA,NA,-0.01,-0.675,NA,NA,0.318,22.503,1.414,NA,NA
456,"SAU","Saudi Arabia",2587.759,1.671,2418.508,644.936,1757.078,93.46,81523.268,51269.869,76191.297,20317.679,55353.977,NA,1.456,1.376,30.933,27.232,105.6,2.029,105.331,1.152,NA,-16.334,-16.166,5.903,4.332,5.6,NA,31.743,519.449,21.478,935.516,38.682,-416.067,-17.203,NA,NA,-487.712,-20.166,-413.935,-17.115,316.645,13.093,2418.508,-23.87,-3.701
722,"SEN","Senegal",11045.018,6.228,11251.675,18.982,50.191,101.871,716668.487,3016.405,730077.654,1231.651,3256.689,NA,0.042,224.178,25.311,21.262,104.378,0.838,105.079,2.06,NA,2.856,3.036,5.445,7.22,NA,NA,15.412,2334.65,20.749,2703.87,24.031,-369.22,-3.281,-349.747,NA,-181.57,-1.614,NA,NA,5379.275,47.809,11251.675,-0.769,-4.049
942,"SRB","Serbia",3210.826,2.797,4261.927,38.3,101.858,132.736,454899.394,13366.131,603815.949,5426.201,14430.864,NA,0.084,41.842,19.079,15.974,183.86,1.122,182.356,1.532,NA,9.037,9.143,12.008,13.625,15.917,NA,7.058,1842.646,43.235,1893.319,44.424,-50.674,-1.189,-51.954,-1.215,80.929,1.899,3007.346,70.563,3114.144,73.069,4261.927,-1.189,-3.105
718,"SYC","Seychelles",8.431,4.503,19.014,1.427,2.563,225.516,89890.353,25311.436,202717.115,15219.117,27327.72,NA,0.002,7.418,30.221,10.154,102.987,-1.014,103.104,-0.215,NA,12.264,14.376,14.412,12.098,2.684,NA,0.094,7.205,37.895,7.166,37.69,0.039,0.205,NA,NA,0.746,3.925,9.68,50.909,13.131,69.06,19.014,-0.286,-20.067
724,"SLE","Sierra Leone",9029.894,6.297,24287.826,3.785,10.931,268.971,1245822.288,1396.779,3350904.828,522.173,1508.045,NA,0.009,2222.02,12.275,7.929,171.293,10.883,187.39,17.412,NA,-19.973,-24.022,21.403,13.106,NA,NA,7.248,3615.412,14.886,5670.776,23.348,-2055.363,-8.463,NA,NA,-1853.558,-7.632,NA,NA,13329.809,54.883,24287.826,-0.088,-2.33
576,"SGP","Singapore",407.918,2.397,427.939,309.754,500.187,104.908,72747.96,82621.503,76318.388,55241.284,89203.051,NA,0.414,0.856,27.03,46.027,98.932,-0.532,99.351,0.163,NA,0.112,-1.07,1.105,-1.074,2.075,3.672,5.607,91.026,20.984,76.897,17.727,14.129,3.257,14.005,3.269,NA,NA,NA,NA,463.166,106.774,433.782,58.845,18.997
936,"SVK","Slovak Republic",79.037,3.325,81.154,89.806,170.592,102.678,14565.744,29118.722,14955.811,16550.225,31438.291,1.022,0.141,0.476,22.57,21.113,99.526,-0.474,100.02,0.241,NA,3.727,4.281,6.238,6.629,9.683,2.321,5.426,31.893,39.3,33.684,41.506,-1.791,-2.207,-2.078,-2.587,-0.681,-0.839,NA,NA,42.053,51.819,81.154,-1.309,-1.457
961,"SVN","Slovenia",38.139,3.148,40.418,44.727,66.574,105.977,18476.321,29872.258,19580.629,21668.088,32251.853,-2.519,0.055,0.607,18.701,24.202,99.947,-0.053,100.511,0.511,NA,6.588,7.013,6.447,6.171,8.025,0.96,2.064,15.842,39.196,16.543,40.929,-0.701,-1.734,-0.124,-0.298,0.387,0.958,21.15,52.329,31.753,78.562,40.418,2.461,5.502
813,"SLB","Solomon Islands",4.896,3.457,9.798,1.235,1.261,200.113,8153.352,1944.626,16315.941,2056.559,2099.533,NA,0.001,7.771,19.112,15.17,186.383,0.503,183.9,-2.233,NA,3.54,-1.751,-4.383,-6.687,NA,NA,0.601,4.226,43.13,4.609,47.039,-0.383,-3.909,NA,NA,-0.374,-3.821,-0.626,-6.39,0.775,7.907,9.798,-0.049,-3.942
726,"SOM","Somalia",7.063,4.38,6.767,6.767,19.608,95.813,NA,NA,NA,NA,NA,NA,0.016,0.345,NA,NA,NA,NA,102.927,-0.031,NA,NA,NA,NA,NA,NA,NA,NA,0.171,2.528,NA,NA,NA,NA,NA,NA,NA,NA,NA,NA,NA,NA,6.767,-0.427,-6.308
199,"ZAF","South Africa",3084.174,0.565,4350.314,295.678,743.07,141.053,55450.809,12374.059,78214.923,5316.042,13359.764,NA,0.616,5.855,19.353,16.567,97.833,6.341,100.414,6.724,NA,-3.779,-4.016,0.967,0.557,26.725,NA,55.62,1246.281,28.648,1422.895,32.708,-176.614,-4.06,-165.464,-3.779,-28.504,-0.655,1968.426,45.248,2243.264,51.566,4350.314,-8.237,-2.786
733,"SSD","South Sudan",17.682,-13.933,143.381,3.054,20.707,810.888,1445.704,1568.091,11723.035,249.662,1693.004,NA,0.017,6.924,17.486,18.651,1184.199,379.849,2068.361,479.735,NA,NA,NA,NA,NA,NA,NA,12.231,48.447,33.789,78.943,55.058,-30.496,-21.269,NA,NA,-29.836,-20.809,NA,NA,124.198,86.62,143.381,0.039,1.263
184,"ESP","Spain",1106.948,3.173,1118.522,1237.766,1694.645,101.046,23857.142,33828.554,24106.59,26676.553,36523.303,-2.369,1.404,0.66,20.488,22.408,99.997,-0.204,102.049,1.57,NA,2.918,1.251,5.205,3.05,19.635,18.342,46.399,421.632,37.695,472.033,42.201,-50.401,-4.506,-33.606,-2.933,-22.128,-1.978,964.221,86.205,1107.205,98.988,1118.522,23.773,1.921
524,"LKA","Sri Lanka",9034.289,4.469,11906.752,81.546,262.01,131.795,426085.412,11445.463,561559.779,3845.988,12357.197,NA,0.217,45.444,34.979,32.842,111.7,4.004,114.7,4.463,NA,9.01,9.01,9.985,9.985,4.4,NA,21.203,1693.557,14.224,2333.883,19.601,-640.326,-5.378,NA,NA,-29.431,-0.247,NA,NA,9478.875,79.609,11906.752,-1.743,-2.137
361,"KNA","St. Kitts and Nevis",1.841,2.873,2.591,0.96,1.49,140.693,33575.878,25163.711,47239.062,17495.949,27168.227,NA,0.001,1.739,30,19.33,106.978,-0.342,106.74,0.028,NA,6.32,9.225,1.208,11.144,NA,NA,0.055,0.833,32.15,0.73,28.173,0.103,3.977,NA,NA,0.145,5.596,NA,NA,1.594,61.509,2.591,-0.102,-10.67
362,"LCA","St. Lucia",3.487,3.37,4.436,1.643,2.422,127.213,19993.018,12862.216,25433.721,9419.897,13886.808,NA,0.002,1.832,17.363,15.462,114.005,-3.093,112.903,-3.009,NA,21.463,13.926,-6.486,-5.512,NA,NA,0.174,1.092,24.446,1.16,25.975,-0.068,-1.529,NA,NA,0.089,2,NA,NA,3.091,69.21,4.466,-0.031,-1.901
364,"VCT","St. Vincent and the Grenadines",1.471,0.83,2.081,0.771,1.233,141.494,13358.035,10373.433,18900.874,7000.324,11199.771,NA,0.001,1.688,26.082,10.284,105.65,-0.158,106.1,0.951,NA,7.531,7,1.532,1.605,NA,NA,0.11,0.618,29.71,0.595,28.58,0.024,1.13,NA,NA,0.049,2.372,1.665,80.009,1.724,82.826,2.081,-0.122,-15.798
732,"SDN","Sudan",21.722,2.994,639.604,55.787,171.623,2944.516,548.55,4014.291,16152.154,1408.8,4334.066,NA,0.142,3.727,14.26,13.125,591.726,17.75,688.369,30.474,NA,-9.553,-9.553,-1.472,-1.472,20.6,NA,39.599,45.068,7.046,67.899,10.616,-22.831,-3.57,NA,NA,-19.788,-3.094,NA,NA,636.54,99.521,639.604,-4.213,-7.553
366,"SUR","Suriname",9.426,-5.139,20.42,3.278,8.367,216.637,16397.992,13481.103,35524.178,5703.369,14554.995,NA,0.007,2.441,60.719,55.555,103.238,55.501,119.4,52.4,NA,-32.452,-34.71,-15.125,-15.579,9.7,NA,0.575,3.597,17.614,5.196,25.448,-1.6,-7.834,-1.481,-6.972,-1.232,-6.032,NA,NA,15.488,75.845,20.42,-0.169,-5.164
144,"SWE","Sweden",4484.096,2.684,4385.497,512.205,497.816,97.801,448627.05,46131.017,438762.368,51245.363,49805.769,0.238,0.412,8.809,24.518,28.782,101.136,1.138,101.415,1.415,NA,4.173,5.139,2.691,3.043,6.95,4.91,9.995,2190.075,49.939,2137.245,48.734,52.83,1.205,39.666,0.907,47.902,1.092,391.104,8.918,1855.931,42.32,4385.497,21.841,4.264
146,"CHE","Switzerland",671.834,1.587,660.46,670.249,504.922,98.307,80681.434,56162.855,79315.42,80491.04,60636.733,NA,0.418,1.308,22.915,32.338,100.185,-0.434,100.24,0.015,NA,5.917,6.218,6.665,6.368,3.323,4.965,8.327,220.126,33.329,217.483,32.929,2.642,0.4,3.303,0.488,3.809,0.577,150.5,22.787,276.358,41.843,660.46,63.157,9.423
463,"SYR","Syria",NA,NA,NA,NA,NA,NA,NA,NA,NA,NA,NA,NA,NA,NA,NA,NA,NA,NA,NA,NA,NA,NA,NA,NA,NA,NA,NA,NA,NA,NA,NA,NA,NA,NA,NA,NA,NA,NA,NA,NA,NA,NA,NA,NA,NA
528,"TWN","Taiwan Province of China",15875.635,1.41,17152.093,530.608,1134.19,108.04,674416.274,44626.842,728641.762,22540.889,48181.772,NA,0.94,15.123,20.812,35.464,99.999,1.029,100,1.693,NA,-4.048,-6.313,-3.948,-5.513,3.92,11.267,23.54,2690.918,15.689,3067.943,17.887,-377.025,-2.198,-350.295,-2.022,NA,NA,5891.823,34.35,6214.461,36.232,17152.093,72.781,13.717
923,"TJK","Tajikistan",0.241,6.9,54.471,6.953,26.052,22628.176,27.559,2762.439,6235.994,795.981,2982.493,NA,0.022,2.091,20.605,15.395,1272.04,5.914,893.83,6.067,NA,-10.916,-8.575,8.139,15.69,NA,NA,8.735,16.295,29.914,21.614,39.68,-5.32,-9.766,NA,NA,-4.544,-8.341,NA,NA,22.891,42.023,54.471,-0.362,-5.21
738,"TZA","Tanzania",47164.902,6.953,103744.606,47.653,150.451,219.961,968942.076,2862.783,2131299.129,978.961,3090.829,NA,0.125,689.556,24.636,23.143,315.543,5.177,317.875,5.043,NA,-11.029,-11.029,1.899,1.899,NA,NA,48.677,16067.338,15.487,18324.784,17.663,-2257.445,-2.176,NA,NA,-656.593,-0.633,NA,NA,39387.151,37.965,103744.606,-2.137,-4.485
578,"THA","Thailand",9823.122,3.283,14533.475,411.839,1167.713,147.952,142403.031,15679.027,210687.69,5970.316,16928.003,NA,0.968,12.446,21.08,32.792,100.188,0.188,100.59,1.126,NA,-1.014,-2.286,2.789,0.271,0.75,NA,68.981,3144.311,21.951,3062.626,21.38,81.685,0.57,-112.494,-0.776,139.241,0.972,NA,NA,5988.387,41.805,14324.455,48.237,11.713
537,"TLS","Timor-Leste",1.694,5.321,2.521,2.521,7.265,80.543,2582.005,5550.915,2079.628,2079.628,5993.096,NA,0.006,0.347,26.244,NA,103.192,-1.339,103.7,0,NA,NA,NA,NA,NA,NA,NA,1.212,0.927,36.775,1.811,71.848,-0.557,-22.11,NA,NA,-0.884,-35.073,NA,NA,0.077,3.062,2.521,-0.544,-21.598
742,"TGO","Togo",2102.745,5.1,2643.472,4.46,12.192,125.715,276445.144,1484.657,347533.841,586.294,1602.923,NA,0.01,216.813,31.125,21.804,117.057,0.857,116.946,0.455,NA,-1.67,-1.801,2.316,6.388,NA,NA,7.606,571.266,21.61,824.005,31.171,-252.739,-9.561,NA,NA,-189.827,-7.181,NA,NA,2156.687,81.585,2643.472,-0.416,-9.321
866,"TON","Tonga",0.849,4.17,0.947,0.428,0.566,111.566,8438.652,5211.399,9414.648,4249.137,5626.534,NA,NA,1.673,NA,NA,110.743,2.58,113.195,6.687,NA,6.676,3.393,10.628,1.07,NA,NA,0.101,0.402,42.418,0.386,40.702,0.016,1.716,NA,NA,0.024,2.569,NA,NA,NA,NA,0.947,-0.03,-6.906
369,"TTO","Trinidad and Tobago",158.899,-6.076,151.043,22.657,43.167,95.056,116412.897,29291.583,110657.55,16598.797,31624.922,NA,0.036,3.499,NA,16.806,119.933,3.069,119.977,3.122,NA,0.663,-0.61,-20.317,-21.762,3.95,NA,1.365,34.206,22.51,52.39,34.477,-18.184,-11.967,NA,NA,-15.167,-9.981,-11.109,-7.311,56.248,37.016,151.956,-0.653,-2.883
744,"TUN","Tunisia",69.683,1.108,89.804,41.808,132.491,128.875,6110.838,10761.496,7875.335,3666.3,11618.746,NA,0.11,0.678,22.259,13.423,131.355,3.727,134.381,4.17,NA,2.251,2.251,0.223,0.223,15.544,NA,11.403,20.619,22.96,25.93,28.874,-5.311,-5.914,-5.226,-5.75,-3.325,-3.702,54.24,60.398,55.922,62.271,89.804,-3.694,-8.836
186,"TUR","Turkey",1576.365,3.184,2608.526,863.39,1996.516,165.477,19750.24,23168.705,32682.149,10817.389,25014.301,NA,1.654,1.307,28.227,24.472,280.846,7.775,292.54,8.533,NA,4.69,5.44,-1.176,3.726,10.907,NA,79.815,854.307,32.751,915.039,35.079,-60.732,-2.328,-54.351,-2.061,-24.934,-0.956,611.336,23.436,738.501,28.311,2608.526,-33.137,-3.838
925,"TKM","Turkmenistan",100.343,6.2,126.63,36.18,95.591,126.197,17783.706,15691.496,22442.474,6412.135,16941.466,NA,0.079,1.325,NA,NA,391.884,3.646,382.521,6.168,NA,-7.082,-1.373,-3.174,-4.576,NA,NA,5.642,14.862,11.737,17.857,14.101,-2.994,-2.365,NA,NA,NA,NA,NA,NA,30.478,24.068,126.63,-7.207,-19.921
869,"TUV","Tuvalu",0.038,3.035,0.049,0.037,0.04,127.957,3532.106,3371.488,4519.56,3362.05,3640.058,NA,NA,1.242,NA,NA,149.905,3.511,151.198,2.623,NA,NA,NA,NA,NA,NA,NA,0.011,0.068,137.978,0.064,130.78,0.004,7.197,NA,NA,0.001,1.799,NA,NA,0.023,47.223,0.049,0.008,23.212
746,"UGA","Uganda",55705.922,2.323,86555.302,24.509,83.482,155.379,1523655.781,2114.902,2367441.039,670.37,2283.373,NA,0.069,1036.817,24.403,21.518,158.971,5.455,164.726,5.687,NA,2.634,2.634,10.506,10.506,NA,NA,36.561,12971.93,14.987,17205.984,19.879,-4234.053,-4.892,NA,NA,-2105.241,-2.432,NA,NA,32397.32,37.43,86555.302,-0.707,-2.886
926,"UKR","Ukraine",985.299,2.441,2385.367,93.349,353.741,242.096,23230.021,7724.685,56238.892,2200.851,8340.026,NA,0.293,6.743,21.724,20.231,64137906.836,13.913,68257851.198,12.361,NA,8.103,8.103,-3.627,-3.627,9.347,NA,42.415,914.217,38.326,967.38,40.555,-53.163,-2.229,-47.601,-1.944,44.524,1.867,NA,NA,1936.29,81.174,2385.367,-1.394,-1.493
466,"ARE","United Arab Emirates",1411.057,2.988,1311.248,357.045,677.602,92.927,143167.553,63677.838,133040.864,36226.239,68750.352,NA,0.561,1.935,27.143,30.85,269.951,1.617,268.181,1.617,NA,4.446,4.125,6.882,5.124,NA,NA,9.856,378.478,28.864,404.946,30.882,-26.467,-2.018,NA,NA,-24.482,-1.867,NA,NA,265.091,20.217,1311.248,13.233,3.706
112,"GBR","United Kingdom",1969.524,1.789,1969.524,2669.107,2823.724,100,30001.28,39839.527,30001.28,40657.859,43013.105,-0.068,2.34,0.697,17.263,12.044,100.66,0.66,101.509,1.211,NA,3.291,3.81,1.04,-1.293,4.9,31.727,65.648,707.291,35.912,765.283,38.856,-57.992,-2.944,-56.741,-2.85,-27.235,-1.383,1552.808,78.842,1731.392,87.909,1969.524,-139.301,-5.219
111,"USA","United States",17659.2,1.567,18707.15,18707.15,18707.15,105.934,54575.84,53548.883,57814.534,57814.534,57814.534,-0.167,15.5,1,20.32,18.616,240.006,1.272,243.063,2.184,1.056,1.897,1.382,-0.103,0.337,4.867,151.44,323.572,5815.341,31.086,6546.983,34.997,-731.642,-3.911,-740.019,-3.949,-430.007,-2.299,15197.253,81.238,19986.304,106.838,18707.15,-432.874,-2.314
298,"URY","Uruguay",681.594,1.69,1589.195,52.687,74.715,233.159,195847.912,19884.535,456636.236,15139.12,21468.517,NA,0.062,21.27,17.798,18.577,160.138,9.639,162.23,8.103,NA,-11.444,-8.121,-5.419,-1.275,7.858,NA,3.48,465.821,29.312,526.906,33.156,-61.085,-3.844,-57.003,-3.556,-8.603,-0.541,475.658,29.931,978.487,61.571,1589.195,0.41,0.779
927,"UZB","Uzbekistan",1135.699,7.8,199993.374,67.069,207.855,17609.713,35968.304,6097.196,6333915.234,2124.128,6582.892,NA,0.172,962.178,24.802,25.375,3818.211,7.982,3975.432,7.867,NA,3.341,3.341,-14.199,-14.199,NA,NA,31.575,62536.002,31.269,61645.713,30.824,890.289,0.445,NA,NA,934.628,0.467,NA,NA,20923.533,10.462,199993.374,0.384,0.573
846,"VUT","Vanuatu",63.632,3.467,87.25,0.798,0.727,137.117,231578.27,2449.727,317532.123,2904.821,2644.869,NA,0.001,120.056,25.569,NA,146.7,0.842,147.8,2.142,NA,NA,NA,NA,NA,NA,NA,0.275,26.872,30.799,32.207,36.913,-5.335,-6.115,NA,NA,-4.427,-5.074,NA,NA,40.186,46.059,87.25,-0.037,-4.646
299,"VEN","Venezuela",NA,-16.456,0.238,236.116,435.386,50687.489,0.015,13129.769,7.733,7687.671,14175.673,NA,0.361,0.001,15.407,8.639,4894.55,254.391,8641,302.637,NA,-38.369,-39.964,-8.882,-7.845,20.638,NA,30.714,0.049,17.071,0.099,34.835,-0.05,-17.763,NA,NA,-0.048,-16.847,NA,NA,0.089,31.299,0.284,-3.87,-1.639
582,"VNM","Vietnam",3054470.219,6.211,4502732.989,201.326,596.036,147.415,32953257.34,5955.909,48577890.204,2172.012,6430.351,NA,0.494,7554.47,26.578,29.52,248.051,2.668,253.796,4.737,NA,12.51,13.068,10.723,10.73,2.33,NA,92.691,1069243,23.747,1285483,28.549,-216240,-4.802,-218473.145,NA,-129358,-2.873,NA,NA,2699026.645,59.942,4502732.989,5.924,2.942
474,"YEM","Yemen",262.446,-13.621,8890.543,36.437,76.823,3387.565,9008.815,2442.485,305179.483,1250.736,2637.051,NA,0.064,115.728,1.402,-3.724,435.717,-12.563,581.919,-2.551,NA,-15.088,-14.507,-68.984,-86.184,NA,NA,29.132,672.146,7.56,1467.495,16.506,-795.349,-8.946,NA,NA,-322.683,-3.63,5968.908,67.138,6055.654,68.113,8890.543,-1.868,-5.127
754,"ZMB","Zambia",129.7,3.757,216.098,20.941,65.42,166.614,7758.565,3624.618,12926.845,1252.698,3913.352,NA,0.054,3.303,41.757,37.296,183.66,17.869,189.64,7.469,NA,-7.224,-7.224,-4.704,-4.704,NA,NA,16.717,39.41,18.237,51.945,24.038,-12.536,-5.801,NA,NA,-5.087,-2.354,110.926,51.331,131.101,60.668,216.098,-0.934,-4.461
698,"ZWE","Zimbabwe",14.1,0.665,16.117,16.117,32.422,114.306,972.34,2070.824,1111.443,1111.443,2235.783,NA,0.027,0.497,15.556,19.109,58.704,-1.566,58.537,-0.931,NA,NA,-13.628,NA,-1.293,NA,NA,14.501,3.502,21.729,4.863,30.171,-1.361,-8.442,NA,NA,-1.234,-7.654,NA,NA,11.269,69.92,16.117,-0.553,-3.43
